<?xml version="1.0" encoding="utf-8"?>
<!DOCTYPE article PUBLIC "-//NLM//DTD JATS (Z39.96) Journal Archiving
and Interchange DTD v1.2 20190208//EN" "JATS-archivearticle1.dtd">
<article xmlns:mml="http://www.w3.org/1998/Math/MathML" xmlns:xlink="http://www.w3.org/1999/xlink" dtd-version="1.2" article-type="other">
  <front>
    <article-meta>
      <title-group>
        <article-title>Greenspace Accessibility and Socioeconomic Inequality in
Urban Areas - Washington D.C. Case Study</article-title>
      </title-group>
      <contrib-group>
        <contrib contrib-type="author" corresp="yes">
          <name>
            <surname>Jia</surname>
            <given-names>Jasmine</given-names>
          </name>
          <string-name>Jasmine Jia</string-name>
          <email>zj130@georgetown.edu</email>
          <role vocab="https://credit.niso.org" vocab-term="writing – original draft" vocab-term-identifier="https://credit.niso.org/contributor-roles/writing-original-draft/">writing</role>
          <xref ref-type="aff" rid="aff-1">a</xref>
          <xref ref-type="corresp" rid="cor-1">*</xref>
        </contrib>
      </contrib-group>
      <aff id="aff-1">
        <institution-wrap>
          <institution>Georgetown University</institution>
        </institution-wrap>
      </aff>
      <author-notes>
        <corresp id="cor-1">zj130@georgetown.edu</corresp>
      </author-notes>
      <history/>
    </article-meta>
  </front>
  <body>
    <sec id="introduction">
      <title>Introduction</title>
      <p>Urban green spaces, such as parks, community gardens, and tree
  canopies, play a critical role in promoting physical and mental
  well-being. These spaces provide opportunities for exercise,
  relaxation, and social connection, while also mitigating urban heat,
  reducing air pollution, and offering psychological restoration. Access
  to greenspaces has been associated with improved cardiovascular
  health, reduced stress, and lower mortality rates
  (<xref alt="Yeager, Smith, and Bhatnagar 2020" rid="ref-yeager2020" ref-type="bibr">Yeager,
  Smith, and Bhatnagar 2020</xref>). However, the distribution of these
  spaces is often unequal, reflecting systemic disparities that
  disproportionately disadvantage low-income and minority-majority
  neighborhoods
  (<xref alt="Shukla 2020" rid="ref-shukla2020" ref-type="bibr">Shukla
  2020</xref>). This project examines the relationship between
  socioeconomic factors and greenspace availability in urban areas,
  aiming to provide evidence that can inform equitable urban planning
  and policy decisions.</p>
    </sec>
    <sec id="literature-review">
      <title>Literature Review</title>
      <p>Disparities in greenspace access and quality are deeply rooted in
  historical and contemporary inequities shaped by institutional and
  societal structures, policies, and norms in the United States.
  Practices such as segregation, redlining, and foreclosure have
  historically influenced urban planning and continue to shape modern
  landscapes, perpetuating health inequities. These structural
  inequities intersect with social, economic, and environmental
  determinants of health, including housing, income, and the physical
  environment, leading to uneven greenspace distribution and access,
  which disproportionately impacts marginalized communities
  (<xref alt="National Academies of Sciences et al. 2017" rid="ref-national_academies_2017" ref-type="bibr">National
  Academies of Sciences et al. 2017</xref>).</p>
      <p>The distribution of greenspace varies notably across communities
  with different income levels and racial compositions. The below figure
  from Heo and Bell, shows that census block groups with lower
  percentages of low-income individuals and people of color generally
  have higher greenspace availability. Conversely, neighborhoods with
  higher proportions of low-income individuals and people of color tend
  to have less greenspace. Interestingly, while greenspace coverage is
  lower in these disadvantaged areas, accessibility to park entrances
  appears to be relatively higher, suggesting that while parks may be
  closer to these communities, the overall greenspace available is
  limited(<xref alt="Heo and Bell 2023" rid="ref-heo2023" ref-type="bibr">Heo
  and Bell 2023</xref>). This disparity reflects systemic inequities,
  where wealthier and predominantly white communities enjoy more
  extensive greenspaces, while marginalized groups often contend with
  smaller and more fragmented green areas.
  <inline-graphic mimetype="image" mime-subtype="png" xlink:href="image/litreview.png"/></p>
    </sec>
    <sec id="data">
      <title>Data</title>
      <p>In this study, we utilized two primary datasets from the District
  of Columbia’s open data repositories:</p>
      <p><bold>ACS 5-Year Economic Characteristics - DC Census Tract:</bold>
  This dataset provides comprehensive economic characteristics derived
  from the American Community Survey (ACS) 5-year estimates, delineated
  by 2020 Census Tract boundaries. It encompasses various economic
  indicators, including income levels, employment status, and industry
  sectors, offering a detailed view of the economic landscape across
  different tracts within Washington, D.C
  (<xref alt="DC 2024" rid="ref-dc_opendata_acs_economic" ref-type="bibr">DC
  2024</xref>).</p>
      <p><bold>Parks and Recreation Areas </bold>: This dataset identifies
  properties managed by the Department of Parks and Recreation (DPR)
  within Washington, D.C. It includes spatial data representing the
  locations and extents of parks and recreational areas, serving as a
  vital resource for urban planning, environmental studies, and public
  health assessments
  (<xref alt="DC and City of Washington 2024" rid="ref-parks_recreation_dc" ref-type="bibr">DC
  and City of Washington 2024</xref>).</p>
    </sec>
    <sec id="methodology">
      <title>Methodology</title>
      <p>To explore the relationship between greenspace accessibility and
  sociodemographic factors, this project operationalizes abstract
  concepts like income inequality, poverty level, and greenspace
  availability into measurable variables for analysis.</p>
      <p>
        <bold>Independent Variables</bold>
      </p>
      <p><bold><italic>Median Household Income</italic></bold>: Measured as
  the percentage of total households with earnings in inflation-adjusted
  dollars for 2022. This variable is represented by the DP03_0064E
  field.</p>
      <p><bold><italic>Poverty threshold</italic></bold>: Measured as the
  percentage of individuals aged 18 to 64 whose income in the past 12
  months is below the poverty level. This variable is represented by the
  DP03_0134P field.</p>
      <p><bold><italic>Park Accessibility</italic></bold>: Defined as the
  accessibility to the nearest park, calculated using the inverse of the
  minimum distance (in meters) from the population centroid of each
  census tract to the centroid of the nearest park, which reflects
  relative accessibility, with higher values indicating closer proximity
  to parks and greater accessibility.</p>
      <p>
        <disp-formula>
          <alternatives>
            <tex-math><![CDATA[
  \text{Park Accessibility} = \frac{1}{1 + \text{Minimum Distance}}
  ]]></tex-math>
            <mml:math xmlns:mml="http://www.w3.org/1998/Math/MathML" display="block">
              <mml:mrow>
                <mml:mtext mathvariant="normal">Park Accessibility</mml:mtext>
                <mml:mo>=</mml:mo>
                <mml:mfrac>
                  <mml:mn>1</mml:mn>
                  <mml:mrow>
                    <mml:mn>1</mml:mn>
                    <mml:mo>+</mml:mo>
                    <mml:mtext mathvariant="normal">Minimum Distance</mml:mtext>
                  </mml:mrow>
                </mml:mfrac>
              </mml:mrow>
            </mml:math>
          </alternatives>
        </disp-formula>
        <bold>Dependent Variables</bold>
      </p>
      <p><bold><italic>Percent Greenspace</italic></bold>: Represents the
  percentage of total land area within each block group that overlaps
  with parks and recreation areas. This metric was calculated by
  intersecting census tract polygons with park boundaries and measuring
  the proportion of the tract’s total area covered by park land.</p>
      <p>
        <disp-formula>
          <alternatives>
            <tex-math><![CDATA[
  \text{Greenspace Percentage} = \left( \frac{\text{Area of Parks in Tract}}{\text{Total Area of Tract}} \right) \times 100
  ]]></tex-math>
            <mml:math xmlns:mml="http://www.w3.org/1998/Math/MathML" display="block">
              <mml:mrow>
                <mml:mtext mathvariant="normal">Greenspace Percentage</mml:mtext>
                <mml:mo>=</mml:mo>
                <mml:mrow>
                  <mml:mo stretchy="true" form="prefix">(</mml:mo>
                  <mml:mfrac>
                    <mml:mtext mathvariant="normal">Area of Parks in Tract</mml:mtext>
                    <mml:mtext mathvariant="normal">Total Area of Tract</mml:mtext>
                  </mml:mfrac>
                  <mml:mo stretchy="true" form="postfix">)</mml:mo>
                </mml:mrow>
                <mml:mo>×</mml:mo>
                <mml:mn>100</mml:mn>
              </mml:mrow>
            </mml:math>
          </alternatives>
        </disp-formula>
      </p>
    </sec>
    <sec id="exploratory-data-analysis-eda">
      <title>Exploratory Data Analysis (EDA)</title>
      <p><bold>Parks and Recreation Areas </bold>:</p>
      <p>The map below, maintained by the Department of Parks and Recreation
  (DPR), provides a detailed inventory of DPR-managed properties
  designated as parks and recreation areas, offering insights into the
  spatial distribution of green spaces in the city
  (<xref alt="DC and City of Washington 2024" rid="ref-parks_recreation_dc" ref-type="bibr">DC
  and City of Washington 2024</xref>).</p>
      <p>
        <bold>ACS 5-Year Economic Characteristics - DC Census
  Tract</bold>
      </p>
      <p>The graph below provides an interactive visualization of median
  household income distribution across census tracts in Washington, D.C.
  Using a gradient color scale where darker shades represent higher
  incomes and lighter shades indicate lower incomes, the map highlights
  income disparities geographically
  (<xref alt="DC 2024" rid="ref-dc_opendata_acs_economic" ref-type="bibr">DC
  2024</xref>).</p>
      <graphic mimetype="image" mime-subtype="png" xlink:href="index_files/figure-jats/unnamed-chunk-1-1.png"/>
    </sec>
    <sec id="regression-and-hypthesis-testing">
      <title>Regression and Hypthesis Testing</title>
      <p><bold>Hypothesis</bold>:</p>
      <p><bold><italic>First-Order Property Hypothesis</italic></bold>:
  Census tracts with lower median household income and higher poverty
  rates will have less greenspace coverage compared to wealthier
  tracts.</p>
      <p>
        <disp-formula>
          <alternatives>
            <tex-math><![CDATA[
  \text{Greenspace Percentage} \sim \text{Median Income} + \text{Poverty Rate} + \text{Park Accessibility}
  ]]></tex-math>
            <mml:math xmlns:mml="http://www.w3.org/1998/Math/MathML" display="block">
              <mml:mrow>
                <mml:mtext mathvariant="normal">Greenspace Percentage</mml:mtext>
                <mml:mo>∼</mml:mo>
                <mml:mtext mathvariant="normal">Median Income</mml:mtext>
                <mml:mo>+</mml:mo>
                <mml:mtext mathvariant="normal">Poverty Rate</mml:mtext>
                <mml:mo>+</mml:mo>
                <mml:mtext mathvariant="normal">Park Accessibility</mml:mtext>
              </mml:mrow>
            </mml:math>
          </alternatives>
        </disp-formula>
      </p>
      <p><bold><italic>Second-Order Property Hypothesis</italic></bold>:
  Census tracts with high poverty rates are spatially clustered, and
  these clusters coincide with areas of low park accessibility.</p>
      <p>The regression table above provides the results where Greenspace
  Percentage is the dependent variable, and the independent variables
  are Median Income, Poverty Rate, and Park Accessibility.</p>
      <p><bold><italic>Poverty Rate</italic></bold>: This indicates a
  positive and statistically significant (p &lt; 0.05) association
  between poverty rate and greenspace percentage. For each percentage
  point increase in poverty rate, greenspace percentage increases by
  0.128 units. This counterintuitive result may suggest that areas with
  higher poverty rates have slightly more greenspace or that other
  factors, such as land use policies, are influencing this relationship.
  The statistically significant positive relationship between poverty
  rate and greenspace percentage is notable but may require further
  investigation to understand causality or confounding variables.</p>
      <graphic mimetype="image" mime-subtype="png" xlink:href="visualization/greenspace_density.png"/>
      <p>The greenspace density plot shows the spatial distribution of
  greenspace density across the study area. The intensity increases from
  blue (low density) to yellow (high density). The regions with the
  highest greenspace density are concentrated in specific tracts. This
  suggests unequal greenspace distribution, potentially aligning with
  socioeconomic disparities in the area.</p>
      <graphic mimetype="image" mime-subtype="png" xlink:href="visualization/histagram.png"/>
      <p>The histogram shows the distribution of Moran’s I values generated
  from the Monte Carlo simulations. These values represent the expected
  spatial autocorrelation under the null hypothesis of random spatial
  distribution.</p>
      <p>The red line indicates the observed Moran’s I value from your
  actual dataset. In this case, the observed value is far to the right
  of the simulated values, suggesting that the observed spatial
  autocorrelation is much stronger than what would be expected under
  randomness. The observed Moran’s I being outside the range of
  simulated values indicates that the spatial autocorrelation in your
  data is significant.</p>
      <graphic mimetype="image" mime-subtype="png" xlink:href="index_files/figure-jats/unnamed-chunk-2-1.png"/>
      <p>The choropleth map shows Local Moran’s I values for poverty rates,
  with colors ranging from purple (negative spatial association) to
  yellow (positive spatial association). This supports the second-order
  hypothesis of spatial clustering of poverty rates. The map also
  identifies potential areas for targeted policy intervention.</p>
    </sec>
    <sec id="conclusion">
      <title>Conclusion</title>
      <p>This project examines the spatial relationship between greenspace
  accessibility, poverty rates, and income in urban areas. The findings
  provide partial support for the hypotheses.</p>
      <p><bold>First-Order Property Hypothesis:</bold> Contrary to
  expectations, the regression results suggest that poverty rates are
  positively and significantly associated with greenspace percentage,
  indicating that areas with higher poverty rates may have slightly more
  greenspace coverage. Median income, however, shows no significant
  relationship with greenspace percentage. These results may reflect
  complex historical or policy-driven factors influencing greenspace
  distribution, requiring further investigation.</p>
      <p><bold>Second-Order Property Hypothesis:</bold> The second-order
  hypothesis is strongly supported. Global Moran’s I indicates
  significant spatial clustering of poverty rates, confirmed by the
  Monte Carlo simulations, which show the observed Moran’s I far exceeds
  the range of simulated values under the null hypothesis of randomness.
  This suggests that poverty is geographically concentrated in specific
  areas, highlighting potential inequality in park accessibility and
  greenspace distribution.</p>
    </sec>
    <sec id="policy-implication">
      <title>Policy Implication</title>
      <p>This report focuses only on Washington, D.C., revealing spatial
  inequities in greenspace distribution and accessibility in relation to
  poverty rates. These findings have important implications for urban
  planning, public health, and environmental justice in D.C. and serve
  as a foundation for broader applications in other urban and rural
  contexts. Here are some directions for further researches:</p>
      <p>
        <bold>
          <italic>Expanding to Other Urban Areas</italic>
        </bold>
      </p>
      <p>Further research is needed to assess whether similar spatial
  patterns of greenspace inequality and poverty clustering are present
  in other urban areas across the United States. Comparing D.C. with
  cities of varying sizes, demographics, and urban planning histories
  can provide a more comprehensive understanding of greenspace
  inequities.</p>
      <p>
        <bold>
          <italic>Exploring Rural Areas</italic>
        </bold>
      </p>
      <p>Greenspace accessibility in rural areas, where land use and
  population density differ significantly from urban settings, requires
  distinct policy considerations. Future studies should explore
  greenspace availability in rural areas with high poverty rates to
  understand the unique challenges and opportunities.</p>
      <p>
        <bold>
          <italic>Chrono-Health Score Analysis</italic>
        </bold>
      </p>
      <p>A chrono-health score, which integrates environmental and temporal
  factors affecting health (e.g., access to greenspace over time,
  exposure to pollutants, and changes in healthcare access), could
  provide deeper insights. Linking chrono-health data with spatial
  analysis could help identify long-term health impacts of greenspace
  inequities and guide targeted interventions.</p>
      <p>
        <bold>
          <italic>Examining Broader Social Determinants of
  Health</italic>
        </bold>
      </p>
      <p>Expanding the research to include other social determinants (e.g.,
  education, employment, and housing) could provide a holistic view of
  how greenspace interacts with socioeconomic and health
  disparities.</p>
    </sec>
  </body>
  <back>
    <ref-list>
      <title/>
      <ref id="ref-heo2023">
        <element-citation publication-type="article-journal">
          <person-group person-group-type="author">
            <name>
              <surname>Heo</surname>
              <given-names>Seulkee</given-names>
            </name>
            <name>
              <surname>Bell</surname>
              <given-names>Michelle L.</given-names>
            </name>
          </person-group>
          <article-title>Investigation on urban greenspace in relation to sociodemographic factors and health inequity based on different greenspace metrics in 3 US urban communities</article-title>
          <source>Journal of Exposure Science &amp; Environmental Epidemiology</source>
          <publisher-name>Nature Publishing Group</publisher-name>
          <year iso-8601-date="2023">2023</year>
          <volume>33</volume>
          <issue>2</issue>
          <uri>https://www.ncbi.nlm.nih.gov/pmc/articles/PMC10005950/</uri>
          <pub-id pub-id-type="doi">10.1038/s41370-022-00468-z</pub-id>
          <fpage>218</fpage>
          <lpage>228</lpage>
        </element-citation>
      </ref>
      <ref id="ref-yeager2020">
        <element-citation publication-type="article-journal">
          <person-group person-group-type="author">
            <name>
              <surname>Yeager</surname>
              <given-names>Rebecca A.</given-names>
            </name>
            <name>
              <surname>Smith</surname>
              <given-names>Theodore R.</given-names>
            </name>
            <name>
              <surname>Bhatnagar</surname>
              <given-names>Aruni</given-names>
            </name>
          </person-group>
          <article-title>Green environments and cardiovascular health</article-title>
          <source>Trends in Cardiovascular Medicine</source>
          <year iso-8601-date="2020-05">2020</year>
          <month>05</month>
          <volume>30</volume>
          <issue>4</issue>
          <uri>https://doi.org/10.1016/j.tcm.2019.06.005</uri>
          <pub-id pub-id-type="doi">10.1016/j.tcm.2019.06.005</pub-id>
          <pub-id pub-id-type="pmid">31248691</pub-id>
          <fpage>241</fpage>
          <lpage>246</lpage>
        </element-citation>
      </ref>
      <ref id="ref-shukla2020">
        <element-citation publication-type="article-journal">
          <person-group person-group-type="author">
            <name>
              <surname>Shukla</surname>
              <given-names>Shivani</given-names>
            </name>
          </person-group>
          <article-title>Racial disparities in access to public green space</article-title>
          <source>Chicago Policy Review</source>
          <year iso-8601-date="2020">2020</year>
          <uri>https://chicagopolicyreview.org/2020/09/23/racial-disparity-in-access-to-public-green-space/</uri>
        </element-citation>
      </ref>
      <ref id="ref-national_academies_2017">
        <element-citation publication-type="book">
          <person-group person-group-type="author">
            <name>
              <surname>National Academies of Sciences</surname>
              <suffix>Engineering</suffix>
            </name>
            <name>
              <surname>Medicine</surname>
            </name>
            <name>
              <surname>Health</surname>
            </name>
            <name>
              <surname>Division</surname>
              <given-names>Medicine</given-names>
            </name>
            <name>
              <surname>Population Health</surname>
              <given-names>Board on</given-names>
            </name>
            <name>
              <surname>Practice</surname>
              <given-names>Public Health</given-names>
            </name>
            <name>
              <surname>Community-Based Solutions to Promote Health Equity in the United States</surname>
              <given-names>Committee on</given-names>
            </name>
          </person-group>
          <source>Communities in action: Pathways to health equity</source>
          <person-group person-group-type="editor">
            <name>
              <surname>Baciu</surname>
              <given-names>Alina</given-names>
            </name>
            <name>
              <surname>Negussie</surname>
              <given-names>Yamrot</given-names>
            </name>
            <name>
              <surname>Geller</surname>
              <given-names>Amy</given-names>
            </name>
            <name>
              <surname>Weinstein</surname>
              <given-names>James N.</given-names>
            </name>
          </person-group>
          <publisher-name>National Academies Press (US)</publisher-name>
          <publisher-loc>Washington, DC</publisher-loc>
          <year iso-8601-date="2017">2017</year>
          <uri>https://www.ncbi.nlm.nih.gov/books/NBK425845/</uri>
        </element-citation>
      </ref>
      <ref id="ref-parks_recreation_dc">
        <element-citation>
          <person-group person-group-type="author">
            <name>
              <surname>DC</surname>
              <given-names>Open Data</given-names>
            </name>
            <name>
              <surname>City of Washington</surname>
              <given-names>DC</given-names>
            </name>
          </person-group>
          <article-title>Parks and recreation areas</article-title>
          <publisher-name>Open Data DC</publisher-name>
          <year iso-8601-date="2024">2024</year>
          <uri>https://opendata.dc.gov/datasets/DCGIS::parks-and-recreation-areas/explore?location=38.899015%2C-77.029746%2C11.18</uri>
        </element-citation>
      </ref>
      <ref id="ref-dc_opendata_acs_economic">
        <element-citation>
          <person-group person-group-type="author">
            <name>
              <surname>DC</surname>
              <given-names>Open Data</given-names>
            </name>
          </person-group>
          <article-title>ACS 5-year economic characteristics - DC census tract</article-title>
          <year iso-8601-date="2024">2024</year>
          <uri>https://opdatahub.dc.gov/datasets/DCGIS::acs-5-year-economic-characteristics-dc-census-tract/explore</uri>
        </element-citation>
      </ref>
    </ref-list>
  </back>
  <sub-article article-type="notebook" id="nb-3-nb-article">
    <front-stub>
      <title-group>
        <article-title>Greenspace Accessibility and Socioeconomic Inequality in
Urban Areas - Washington D.C. Case Study</article-title>
      </title-group>
      <contrib-group>
        <contrib contrib-type="author" corresp="yes">
          <name>
            <surname>Jia</surname>
            <given-names>Jasmine</given-names>
          </name>
          <string-name>Jasmine Jia</string-name>
          <email>zj130@georgetown.edu</email>
          <role vocab="https://credit.niso.org" vocab-term="writing – original draft" vocab-term-identifier="https://credit.niso.org/contributor-roles/writing-original-draft/">writing</role>
          <xref ref-type="aff" rid="aff-1-nb-article">a</xref>
          <xref ref-type="corresp" rid="cor-1-nb-article">*</xref>
        </contrib>
      </contrib-group>
      <aff id="aff-1-nb-article">
        <institution-wrap>
          <institution>Georgetown University</institution>
        </institution-wrap>
      </aff>
      <author-notes>
        <corresp id="cor-1-nb-article">zj130@georgetown.edu</corresp>
      </author-notes>
    </front-stub>
    <body>
      <sec id="introduction-nb-article">
        <title>Introduction</title>
        <p>Urban green spaces, such as parks, community gardens, and tree
  canopies, play a critical role in promoting physical and mental
  well-being. These spaces provide opportunities for exercise,
  relaxation, and social connection, while also mitigating urban heat,
  reducing air pollution, and offering psychological restoration. Access
  to greenspaces has been associated with improved cardiovascular
  health, reduced stress, and lower mortality rates
  (<xref alt="Yeager, Smith, and Bhatnagar 2020" rid="ref-yeager2020-nb-article" ref-type="bibr">Yeager,
  Smith, and Bhatnagar 2020</xref>). However, the distribution of these
  spaces is often unequal, reflecting systemic disparities that
  disproportionately disadvantage low-income and minority-majority
  neighborhoods
  (<xref alt="Shukla 2020" rid="ref-shukla2020-nb-article" ref-type="bibr">Shukla
  2020</xref>). This project examines the relationship between
  socioeconomic factors and greenspace availability in urban areas,
  aiming to provide evidence that can inform equitable urban planning
  and policy decisions.</p>
      </sec>
      <sec id="literature-review-nb-article">
        <title>Literature Review</title>
        <p>Disparities in greenspace access and quality are deeply rooted in
  historical and contemporary inequities shaped by institutional and
  societal structures, policies, and norms in the United States.
  Practices such as segregation, redlining, and foreclosure have
  historically influenced urban planning and continue to shape modern
  landscapes, perpetuating health inequities. These structural
  inequities intersect with social, economic, and environmental
  determinants of health, including housing, income, and the physical
  environment, leading to uneven greenspace distribution and access,
  which disproportionately impacts marginalized communities
  (<xref alt="National Academies of Sciences et al. 2017" rid="ref-national_academies_2017-nb-article" ref-type="bibr">National
  Academies of Sciences et al. 2017</xref>).</p>
        <p>The distribution of greenspace varies notably across communities
  with different income levels and racial compositions. The below figure
  from Heo and Bell, shows that census block groups with lower
  percentages of low-income individuals and people of color generally
  have higher greenspace availability. Conversely, neighborhoods with
  higher proportions of low-income individuals and people of color tend
  to have less greenspace. Interestingly, while greenspace coverage is
  lower in these disadvantaged areas, accessibility to park entrances
  appears to be relatively higher, suggesting that while parks may be
  closer to these communities, the overall greenspace available is
  limited(<xref alt="Heo and Bell 2023" rid="ref-heo2023-nb-article" ref-type="bibr">Heo
  and Bell 2023</xref>). This disparity reflects systemic inequities,
  where wealthier and predominantly white communities enjoy more
  extensive greenspaces, while marginalized groups often contend with
  smaller and more fragmented green areas.
  <inline-graphic mimetype="image" mime-subtype="png" xlink:href="image/litreview.png"/></p>
      </sec>
      <sec id="data-nb-article">
        <title>Data</title>
        <p>In this study, we utilized two primary datasets from the District
  of Columbia’s open data repositories:</p>
        <p><bold>ACS 5-Year Economic Characteristics - DC Census Tract:</bold>
  This dataset provides comprehensive economic characteristics derived
  from the American Community Survey (ACS) 5-year estimates, delineated
  by 2020 Census Tract boundaries. It encompasses various economic
  indicators, including income levels, employment status, and industry
  sectors, offering a detailed view of the economic landscape across
  different tracts within Washington, D.C
  (<xref alt="DC 2024" rid="ref-dc_opendata_acs_economic-nb-article" ref-type="bibr">DC
  2024</xref>).</p>
        <p><bold>Parks and Recreation Areas </bold>: This dataset identifies
  properties managed by the Department of Parks and Recreation (DPR)
  within Washington, D.C. It includes spatial data representing the
  locations and extents of parks and recreational areas, serving as a
  vital resource for urban planning, environmental studies, and public
  health assessments
  (<xref alt="DC and City of Washington 2024" rid="ref-parks_recreation_dc-nb-article" ref-type="bibr">DC
  and City of Washington 2024</xref>).</p>
      </sec>
      <sec id="methodology-nb-article">
        <title>Methodology</title>
        <p>To explore the relationship between greenspace accessibility and
  sociodemographic factors, this project operationalizes abstract
  concepts like income inequality, poverty level, and greenspace
  availability into measurable variables for analysis.</p>
        <p>
          <bold>Independent Variables</bold>
        </p>
        <p><bold><italic>Median Household Income</italic></bold>: Measured as
  the percentage of total households with earnings in inflation-adjusted
  dollars for 2022. This variable is represented by the DP03_0064E
  field.</p>
        <p><bold><italic>Poverty threshold</italic></bold>: Measured as the
  percentage of individuals aged 18 to 64 whose income in the past 12
  months is below the poverty level. This variable is represented by the
  DP03_0134P field.</p>
        <p><bold><italic>Park Accessibility</italic></bold>: Defined as the
  accessibility to the nearest park, calculated using the inverse of the
  minimum distance (in meters) from the population centroid of each
  census tract to the centroid of the nearest park, which reflects
  relative accessibility, with higher values indicating closer proximity
  to parks and greater accessibility.</p>
        <p>
          <disp-formula>
            <alternatives>
              <tex-math><![CDATA[
  \text{Park Accessibility} = \frac{1}{1 + \text{Minimum Distance}}
  ]]></tex-math>
              <mml:math xmlns:mml="http://www.w3.org/1998/Math/MathML" display="block">
                <mml:mrow>
                  <mml:mtext mathvariant="normal">Park Accessibility</mml:mtext>
                  <mml:mo>=</mml:mo>
                  <mml:mfrac>
                    <mml:mn>1</mml:mn>
                    <mml:mrow>
                      <mml:mn>1</mml:mn>
                      <mml:mo>+</mml:mo>
                      <mml:mtext mathvariant="normal">Minimum Distance</mml:mtext>
                    </mml:mrow>
                  </mml:mfrac>
                </mml:mrow>
              </mml:math>
            </alternatives>
          </disp-formula>
          <bold>Dependent Variables</bold>
        </p>
        <p><bold><italic>Percent Greenspace</italic></bold>: Represents the
  percentage of total land area within each block group that overlaps
  with parks and recreation areas. This metric was calculated by
  intersecting census tract polygons with park boundaries and measuring
  the proportion of the tract’s total area covered by park land.</p>
        <p>
          <disp-formula>
            <alternatives>
              <tex-math><![CDATA[
  \text{Greenspace Percentage} = \left( \frac{\text{Area of Parks in Tract}}{\text{Total Area of Tract}} \right) \times 100
  ]]></tex-math>
              <mml:math xmlns:mml="http://www.w3.org/1998/Math/MathML" display="block">
                <mml:mrow>
                  <mml:mtext mathvariant="normal">Greenspace Percentage</mml:mtext>
                  <mml:mo>=</mml:mo>
                  <mml:mrow>
                    <mml:mo stretchy="true" form="prefix">(</mml:mo>
                    <mml:mfrac>
                      <mml:mtext mathvariant="normal">Area of Parks in Tract</mml:mtext>
                      <mml:mtext mathvariant="normal">Total Area of Tract</mml:mtext>
                    </mml:mfrac>
                    <mml:mo stretchy="true" form="postfix">)</mml:mo>
                  </mml:mrow>
                  <mml:mo>×</mml:mo>
                  <mml:mn>100</mml:mn>
                </mml:mrow>
              </mml:math>
            </alternatives>
          </disp-formula>
        </p>
      </sec>
      <sec id="exploratory-data-analysis-eda-nb-article">
        <title>Exploratory Data Analysis (EDA)</title>
        <p><bold>Parks and Recreation Areas </bold>:</p>
        <p>The map below, maintained by the Department of Parks and Recreation
  (DPR), provides a detailed inventory of DPR-managed properties
  designated as parks and recreation areas, offering insights into the
  spatial distribution of green spaces in the city
  (<xref alt="DC and City of Washington 2024" rid="ref-parks_recreation_dc-nb-article" ref-type="bibr">DC
  and City of Washington 2024</xref>).</p>
        <p>
          <bold>ACS 5-Year Economic Characteristics - DC Census
  Tract</bold>
        </p>
        <p>The graph below provides an interactive visualization of median
  household income distribution across census tracts in Washington, D.C.
  Using a gradient color scale where darker shades represent higher
  incomes and lighter shades indicate lower incomes, the map highlights
  income disparities geographically
  (<xref alt="DC 2024" rid="ref-dc_opendata_acs_economic-nb-article" ref-type="bibr">DC
  2024</xref>).</p>
        <sec specific-use="notebook-content">
          <code language="r script">library(mapview)
library(tidyverse)</code>
          <boxed-text>
            <preformat>── Attaching core tidyverse packages ──────────────────────── tidyverse 2.0.0 ──
✔ dplyr     1.1.4     ✔ readr     2.1.4
✔ forcats   1.0.0     ✔ stringr   1.5.0
✔ ggplot2   3.5.1     ✔ tibble    3.2.1
✔ lubridate 1.9.2     ✔ tidyr     1.3.0
✔ purrr     1.0.1     
── Conflicts ────────────────────────────────────────── tidyverse_conflicts() ──
✖ dplyr::filter() masks stats::filter()
✖ dplyr::lag()    masks stats::lag()
ℹ Use the conflicted package (&lt;http://conflicted.r-lib.org/&gt;) to force all conflicts to become errors</preformat>
          </boxed-text>
          <code language="r script">library(sf)</code>
          <boxed-text>
            <preformat>Linking to GEOS 3.11.0, GDAL 3.5.3, PROJ 9.1.0; sf_use_s2() is TRUE</preformat>
          </boxed-text>
          <code language="r script">map_income &lt;- readRDS("/Users/jasminejia/Desktop/gisfinalproject/gisproject/gis_manuscript/visualization/map_income.rds")
map_income </code>
          <graphic mimetype="image" mime-subtype="png" xlink:href="index_files/figure-jats/unnamed-chunk-1-1.png"/>
        </sec>
      </sec>
      <sec id="regression-and-hypthesis-testing-nb-article">
        <title>Regression and Hypthesis Testing</title>
        <p><bold>Hypothesis</bold>:</p>
        <p><bold><italic>First-Order Property Hypothesis</italic></bold>:
  Census tracts with lower median household income and higher poverty
  rates will have less greenspace coverage compared to wealthier
  tracts.</p>
        <p>
          <disp-formula>
            <alternatives>
              <tex-math><![CDATA[
  \text{Greenspace Percentage} \sim \text{Median Income} + \text{Poverty Rate} + \text{Park Accessibility}
  ]]></tex-math>
              <mml:math xmlns:mml="http://www.w3.org/1998/Math/MathML" display="block">
                <mml:mrow>
                  <mml:mtext mathvariant="normal">Greenspace Percentage</mml:mtext>
                  <mml:mo>∼</mml:mo>
                  <mml:mtext mathvariant="normal">Median Income</mml:mtext>
                  <mml:mo>+</mml:mo>
                  <mml:mtext mathvariant="normal">Poverty Rate</mml:mtext>
                  <mml:mo>+</mml:mo>
                  <mml:mtext mathvariant="normal">Park Accessibility</mml:mtext>
                </mml:mrow>
              </mml:math>
            </alternatives>
          </disp-formula>
        </p>
        <p><bold><italic>Second-Order Property Hypothesis</italic></bold>:
  Census tracts with high poverty rates are spatially clustered, and
  these clusters coincide with areas of low park accessibility.</p>
        <p>The regression table above provides the results where Greenspace
  Percentage is the dependent variable, and the independent variables
  are Median Income, Poverty Rate, and Park Accessibility.</p>
        <p><bold><italic>Poverty Rate</italic></bold>: This indicates a
  positive and statistically significant (p &lt; 0.05) association
  between poverty rate and greenspace percentage. For each percentage
  point increase in poverty rate, greenspace percentage increases by
  0.128 units. This counterintuitive result may suggest that areas with
  higher poverty rates have slightly more greenspace or that other
  factors, such as land use policies, are influencing this relationship.
  The statistically significant positive relationship between poverty
  rate and greenspace percentage is notable but may require further
  investigation to understand causality or confounding variables.</p>
        <graphic mimetype="image" mime-subtype="png" xlink:href="visualization/greenspace_density.png"/>
        <p>The greenspace density plot shows the spatial distribution of
  greenspace density across the study area. The intensity increases from
  blue (low density) to yellow (high density). The regions with the
  highest greenspace density are concentrated in specific tracts. This
  suggests unequal greenspace distribution, potentially aligning with
  socioeconomic disparities in the area.</p>
        <graphic mimetype="image" mime-subtype="png" xlink:href="visualization/histagram.png"/>
        <p>The histogram shows the distribution of Moran’s I values generated
  from the Monte Carlo simulations. These values represent the expected
  spatial autocorrelation under the null hypothesis of random spatial
  distribution.</p>
        <p>The red line indicates the observed Moran’s I value from your
  actual dataset. In this case, the observed value is far to the right
  of the simulated values, suggesting that the observed spatial
  autocorrelation is much stronger than what would be expected under
  randomness. The observed Moran’s I being outside the range of
  simulated values indicates that the spatial autocorrelation in your
  data is significant.</p>
        <sec specific-use="notebook-content">
          <code language="r script">local_moran_map &lt;- readRDS("/Users/jasminejia/Desktop/gisfinalproject/gisproject/gis_manuscript/visualization/local_moran_map.rds")
local_moran_map</code>
          <graphic mimetype="image" mime-subtype="png" xlink:href="index_files/figure-jats/unnamed-chunk-2-1.png"/>
        </sec>
        <p>The choropleth map shows Local Moran’s I values for poverty rates,
  with colors ranging from purple (negative spatial association) to
  yellow (positive spatial association). This supports the second-order
  hypothesis of spatial clustering of poverty rates. The map also
  identifies potential areas for targeted policy intervention.</p>
      </sec>
      <sec id="conclusion-nb-article">
        <title>Conclusion</title>
        <p>This project examines the spatial relationship between greenspace
  accessibility, poverty rates, and income in urban areas. The findings
  provide partial support for the hypotheses.</p>
        <p><bold>First-Order Property Hypothesis:</bold> Contrary to
  expectations, the regression results suggest that poverty rates are
  positively and significantly associated with greenspace percentage,
  indicating that areas with higher poverty rates may have slightly more
  greenspace coverage. Median income, however, shows no significant
  relationship with greenspace percentage. These results may reflect
  complex historical or policy-driven factors influencing greenspace
  distribution, requiring further investigation.</p>
        <p><bold>Second-Order Property Hypothesis:</bold> The second-order
  hypothesis is strongly supported. Global Moran’s I indicates
  significant spatial clustering of poverty rates, confirmed by the
  Monte Carlo simulations, which show the observed Moran’s I far exceeds
  the range of simulated values under the null hypothesis of randomness.
  This suggests that poverty is geographically concentrated in specific
  areas, highlighting potential inequality in park accessibility and
  greenspace distribution.</p>
      </sec>
      <sec id="policy-implication-nb-article">
        <title>Policy Implication</title>
        <p>This report focuses only on Washington, D.C., revealing spatial
  inequities in greenspace distribution and accessibility in relation to
  poverty rates. These findings have important implications for urban
  planning, public health, and environmental justice in D.C. and serve
  as a foundation for broader applications in other urban and rural
  contexts. Here are some directions for further researches:</p>
        <p>
          <bold>
            <italic>Expanding to Other Urban Areas</italic>
          </bold>
        </p>
        <p>Further research is needed to assess whether similar spatial
  patterns of greenspace inequality and poverty clustering are present
  in other urban areas across the United States. Comparing D.C. with
  cities of varying sizes, demographics, and urban planning histories
  can provide a more comprehensive understanding of greenspace
  inequities.</p>
        <p>
          <bold>
            <italic>Exploring Rural Areas</italic>
          </bold>
        </p>
        <p>Greenspace accessibility in rural areas, where land use and
  population density differ significantly from urban settings, requires
  distinct policy considerations. Future studies should explore
  greenspace availability in rural areas with high poverty rates to
  understand the unique challenges and opportunities.</p>
        <p>
          <bold>
            <italic>Chrono-Health Score Analysis</italic>
          </bold>
        </p>
        <p>A chrono-health score, which integrates environmental and temporal
  factors affecting health (e.g., access to greenspace over time,
  exposure to pollutants, and changes in healthcare access), could
  provide deeper insights. Linking chrono-health data with spatial
  analysis could help identify long-term health impacts of greenspace
  inequities and guide targeted interventions.</p>
        <p>
          <bold>
            <italic>Examining Broader Social Determinants of
  Health</italic>
          </bold>
        </p>
        <p>Expanding the research to include other social determinants (e.g.,
  education, employment, and housing) could provide a holistic view of
  how greenspace interacts with socioeconomic and health
  disparities.</p>
      </sec>
    </body>
    <back>
      <ref-list>
        <title/>
        <ref id="ref-heo2023-nb-article">
          <element-citation publication-type="article-journal">
            <person-group person-group-type="author">
              <name>
                <surname>Heo</surname>
                <given-names>Seulkee</given-names>
              </name>
              <name>
                <surname>Bell</surname>
                <given-names>Michelle L.</given-names>
              </name>
            </person-group>
            <article-title>Investigation on urban greenspace in relation to sociodemographic factors and health inequity based on different greenspace metrics in 3 US urban communities</article-title>
            <source>Journal of Exposure Science &amp; Environmental Epidemiology</source>
            <publisher-name>Nature Publishing Group</publisher-name>
            <year iso-8601-date="2023">2023</year>
            <volume>33</volume>
            <issue>2</issue>
            <uri>https://www.ncbi.nlm.nih.gov/pmc/articles/PMC10005950/</uri>
            <pub-id pub-id-type="doi">10.1038/s41370-022-00468-z</pub-id>
            <fpage>218</fpage>
            <lpage>228</lpage>
          </element-citation>
        </ref>
        <ref id="ref-yeager2020-nb-article">
          <element-citation publication-type="article-journal">
            <person-group person-group-type="author">
              <name>
                <surname>Yeager</surname>
                <given-names>Rebecca A.</given-names>
              </name>
              <name>
                <surname>Smith</surname>
                <given-names>Theodore R.</given-names>
              </name>
              <name>
                <surname>Bhatnagar</surname>
                <given-names>Aruni</given-names>
              </name>
            </person-group>
            <article-title>Green environments and cardiovascular health</article-title>
            <source>Trends in Cardiovascular Medicine</source>
            <year iso-8601-date="2020-05">2020</year>
            <month>05</month>
            <volume>30</volume>
            <issue>4</issue>
            <uri>https://doi.org/10.1016/j.tcm.2019.06.005</uri>
            <pub-id pub-id-type="doi">10.1016/j.tcm.2019.06.005</pub-id>
            <pub-id pub-id-type="pmid">31248691</pub-id>
            <fpage>241</fpage>
            <lpage>246</lpage>
          </element-citation>
        </ref>
        <ref id="ref-shukla2020-nb-article">
          <element-citation publication-type="article-journal">
            <person-group person-group-type="author">
              <name>
                <surname>Shukla</surname>
                <given-names>Shivani</given-names>
              </name>
            </person-group>
            <article-title>Racial disparities in access to public green space</article-title>
            <source>Chicago Policy Review</source>
            <year iso-8601-date="2020">2020</year>
            <uri>https://chicagopolicyreview.org/2020/09/23/racial-disparity-in-access-to-public-green-space/</uri>
          </element-citation>
        </ref>
        <ref id="ref-national_academies_2017-nb-article">
          <element-citation publication-type="book">
            <person-group person-group-type="author">
              <name>
                <surname>National Academies of Sciences</surname>
                <suffix>Engineering</suffix>
              </name>
              <name>
                <surname>Medicine</surname>
              </name>
              <name>
                <surname>Health</surname>
              </name>
              <name>
                <surname>Division</surname>
                <given-names>Medicine</given-names>
              </name>
              <name>
                <surname>Population Health</surname>
                <given-names>Board on</given-names>
              </name>
              <name>
                <surname>Practice</surname>
                <given-names>Public Health</given-names>
              </name>
              <name>
                <surname>Community-Based Solutions to Promote Health Equity in the United States</surname>
                <given-names>Committee on</given-names>
              </name>
            </person-group>
            <source>Communities in action: Pathways to health equity</source>
            <person-group person-group-type="editor">
              <name>
                <surname>Baciu</surname>
                <given-names>Alina</given-names>
              </name>
              <name>
                <surname>Negussie</surname>
                <given-names>Yamrot</given-names>
              </name>
              <name>
                <surname>Geller</surname>
                <given-names>Amy</given-names>
              </name>
              <name>
                <surname>Weinstein</surname>
                <given-names>James N.</given-names>
              </name>
            </person-group>
            <publisher-name>National Academies Press (US)</publisher-name>
            <publisher-loc>Washington, DC</publisher-loc>
            <year iso-8601-date="2017">2017</year>
            <uri>https://www.ncbi.nlm.nih.gov/books/NBK425845/</uri>
          </element-citation>
        </ref>
        <ref id="ref-parks_recreation_dc-nb-article">
          <element-citation>
            <person-group person-group-type="author">
              <name>
                <surname>DC</surname>
                <given-names>Open Data</given-names>
              </name>
              <name>
                <surname>City of Washington</surname>
                <given-names>DC</given-names>
              </name>
            </person-group>
            <article-title>Parks and recreation areas</article-title>
            <publisher-name>Open Data DC</publisher-name>
            <year iso-8601-date="2024">2024</year>
            <uri>https://opendata.dc.gov/datasets/DCGIS::parks-and-recreation-areas/explore?location=38.899015%2C-77.029746%2C11.18</uri>
          </element-citation>
        </ref>
        <ref id="ref-dc_opendata_acs_economic-nb-article">
          <element-citation>
            <person-group person-group-type="author">
              <name>
                <surname>DC</surname>
                <given-names>Open Data</given-names>
              </name>
            </person-group>
            <article-title>ACS 5-year economic characteristics - DC census tract</article-title>
            <year iso-8601-date="2024">2024</year>
            <uri>https://opdatahub.dc.gov/datasets/DCGIS::acs-5-year-economic-characteristics-dc-census-tract/explore</uri>
          </element-citation>
        </ref>
      </ref-list>
    </back>
  </sub-article>
</article>
